txid,name,address
0x264443abe4a381b6149228427edcb270af03fe01e084532fb4c8d0a363d8fdab,FacetSwapV1Pair,0x5c7acbe5a71eefd516c00f3df9e833329cd5bff1
0x457d174d5e2b40a669515882d3a7642815d9b3db84a8c99c2f2bd95ba8be1a7e,FacetSwapV1Pair,0xaf6ad0c1e81c54fd4ce5332fc377c726f9ff910a
0x73fb4c3ef55da7ebeff675e4e6bbdc20191e20d6d46cd537c6e4bfc2d93b9bd7,FacetSwapV1Pair,0x30f86076770a8239aaf8bfd980a752ab31db596f
0xea41ed5e0720096b61f6e5413a733143312031a0ec87c3b06bdb394bb194e584,FacetSwapV1Pair,0x796398c078ceaa297bd054230ab0dc2d7a2b750e
0xc09e9c0dbdd24743d1e2ee441f84eb50ecffe3f138eff1be8e7973a0dd391819,FacetSwapV1Pair,0x13f93d9c74945e4732805b8569e412d4339d8430
0x59d72f2c5344f07b2df9b8725a6e17fd21e62d99a878a6394bf6844eec5518fd,FacetSwapV1Pair,0x0b16bfe14b501a93073990eb41f37aa6d692d673
0xbef718710e2c7c6db23db4634a423ba07a19e3f29954fe1fbe88706a53856138,FacetSwapV1Pair,0x076e05f3ea3e9d5ca87be96d24cede260cf0abd1
0xb0b1daadaf92712abeb10786e12cf5d924546aacdd867c761a8cd5800486b60c,FacetSwapV1Pair,0x9c5fff9c61e6c130ea9820f1e4bcaba26f2768ba
0x2a8aa42e8840e306a97b0c81dd7189741f7129e0ffd384a072b1dfe2100855b5,FacetSwapV1Pair,0x069f92083238caf045571f090eb8c0d3f135b07f
0x51ae6e3a48e3bf07e905d38d4e0903f0d92c039ecca80b573fd4f7ccc5731d80,FacetSwapV1Pair,0xc6133ecfaa6e756a4c88594e1206537eb1ac7054
0xeaed66fd6b463820139f11c07e95526947a2ca4a3ce2f8610ce011c77cce29bf,FacetSwapV1Pair,0x2ec62a42bde1f21d61af62f4b6241fbd52d523ab
0x2ff80c47043a8f95a33c5246bfe064dc43d84e51be51537627f7ae2043561384,FacetSwapV1Pair,0x52af956dd4cbaf4bdfb6ed27d0a98e0073c64cf7
0xd2ff4ebcb4c2da7b06bf12163ed47bcee3b63aba0863a113b0e5387ed2a14939,FacetSwapV1Pair,0x845e3c8002762e4b41b8188e8e0857f0084444c0
0xb68b580f7edce4fe21b1e61e00ea17b19b537dee2c5c59809c9494d592db3830,FacetSwapV1Pair,0x18a8499d8c6a61f918d70c150c7cba888edf5456
0x7866c70f0d1c8c98bf7469112fb70c65a9f864a3f7938fc534f4e1861dff2b30,FacetSwapV1Pair,0x67b7c99b6aa65c87902f22cd476d1ccbed3f5ca4
0x1f0e52d5365420f8485bf630dc3042a7f34d926d5380132e0b00f4bf6f9a821c,FacetSwapV1Pair,0x5fc4b1bfefd082a7c207e616c83bf462e4d3e539
0x5b44e06fd6176d5e1b5d6b5ddc3f6d1c53e020cfac9926fd5484b137722db49f,FacetSwapV1Pair,0xb7aaf1df468a4f319f59ea8ca3347652d7e5e5f3
0x8e5b9af7084a27d1f92ac1c4369204db2151154d941fbc23cf03c46127dc4edc,FacetSwapV1Pair,0xa8d0315f27ba0a350475354e31d2c26bea523473
0x2d44c7a06d2abdf20f8454b6fb0c20602e3dc78b2ec63f55096a7cbc242e626a,FacetSwapV1Pair,0xe14ac893f4b9845f27c0605184de95d706abb42d
0xe3d048ab69a697b8040290639ee3969d9d8db8bd8b5e623b7c4675ebf8f3a8be,FacetSwapV1Pair,0x4d0b453f766785f0c62a752e5c1fc9a6d6c40124
0x92d78a4141572e21ced88ef29b3dafeb6577808c577af942614e0589046dc1a9,FacetSwapV1Pair,0x0f0c988c8211c5238da441a0a567dcc09b2df699
0xf559a4d3190ec83f4259086f941d4d6f11fc7d70e3af50995ff19cb9f55dfb2b,FacetSwapV1Pair,0x3b2a6bbaf049a2bf856c6b4ae78d965e134a4ce3
0xdca93a68b8c69f62c6e5ef26d9a6432b3d237a3fb6707c6dd85ee0d3f9426a1c,FacetSwapV1Pair,0x0fe1431ad67728b6da14c2760c6762c48088b391
0x1b6228bebe14e00f89f09fdd5ed6d3fc6a8fb0194b03482c2c1b2dd877dbf3ad,FacetSwapV1Pair,0xe0250a49e30c23c53d2914257f33a1d4ab40a9fa
0x17b38c7729ef49ad3d8388dfc0a0929e0d67ae96168d073bb71e9d3c7d438354,FacetSwapV1Pair,0x8b8aa4076e29c7287ef0353a28692544ec5e0d65
0x6be79f1c29b75ce2849fd7bfe5065fae2673bb72917d3b2b0c0dbb22212b0856,FacetSwapV1Pair,0x9c20d3aae46140f45620c25354d82893f0c653af
0xa9a9717c33e8c48c8efb235db753b41eea5f39e9e62e9946276d15fcc5ee1a16,FacetSwapV1Pair,0xa81a23e9685dcae5ce9a045751ed0fbe159c9d60
0xa15edd81e82b2f050502d9b319b0678955b082ac8f1890d591138c5a0154e484,FacetSwapV1Pair,0xc0a7682ae32cbcc16f6312094be21090ec9c9cb2
0x5ae609097b7cb661d5887c2dad5238ca9114d1c9a4df4dad38d73bf85ec09ab5,FacetSwapV1Pair,0xcb6f268838e416832ac6aa515d29439a5a0b660e
0x0778d36e0135f20819e4ee46d78fd2a3d895054853797f175e112a0bf75000d5,FacetSwapV1Pair,0xaa1ccd29fed9efaabc4c0644be9c6e65923f89e6
0xac632c3c40916b2b47ded9507bb6c0cccc10e654ce26c600c28e91a27d1aec47,FacetSwapV1Pair,0x3ea0355db81369f1c9f77313b39e03b90b02d1e9
0x3a3c9b3aa3e262cc14107ea3b9b1f4ac0d7b990063a74c51e7c6d94d9906012f,FacetSwapV1Pair,0xb5b85a4f4baf404e6d9ddad98f422b68127c4949
0xd4dd8849d0136e72dbcbb625f6d6559711a56cc911e4606fa3b3e0dcebea6ed3,FacetSwapV1Pair,0x9093f4985503bd7bafb21badc92768c98c652a07
0xa1c5cd0c382aad2c1b88bed981ae626dabe3ea4660d3202c3a7851bab76af093,FacetSwapV1Pair,0x6b0fb52df046c61a8b7c670f632f1eddc816cb36
0x799d19dbc7513179b11c042ac3ecf34504fd83c54ddb82b4fd5a5e0fd605ecd8,FacetSwapV1Pair,0x0f6b3590f180ae56035a636233b21487504184c5
0x644174a0d27fa845351606c641566cabc53a8e1003c5661cefe3e08de2aed8e0,FacetSwapV1Pair,0xb66ac5b2c6e3b6664223a8c731779a844ca043bc
0xf2d25da7c2fe94924236be574c16f8ce9bafd0f19297a9a9b7f09994fe9e161b,FacetSwapV1Pair,0x86a2b48c41ae013199b41428db62c5aed3fc2e89
0x37c2f883aacf2d1ddf1ddd1dacaf76de8818ac29b8f0afce7e61c4cc4be3a620,FacetSwapV1Pair,0x727848a3f12982e786532d14bed7dbf78355e434
0x560c31f34ee38cc3ea8e0e2885df4acbf48c95ce3e411b88425b69054d3286fd,FacetSwapV1Pair,0x6e6bf011c0d1f694440958a6aeb28b22d93078fb
0x6352ac9fd3aacceb56dd4fe9a06e16839a58dc095cfab3414d239f712ae7b119,FacetSwapV1Pair,0x2d64842ce9f79189a4f7cb267f46fcb45576447c
0x093a82b42ba6baec2fe6de8f87ffd1e54be769a230de7e1b221af2ad88dac769,FacetSwapV1Pair,0xaf007140ea9961b9bbd515002565ec001139943a
0xe6c1f27495317ad1ed61f67b23bbb5e0920dfd75d2e7163475cc490a69867062,FacetSwapV1Pair,0x5fa46af5c8c3606fb2ac0245a9059926ad4771d9
0x2cc6932decdd51af81c9e2d7bbbea185ca33963f63d3dfdb7ccc742d31bbe424,FacetSwapV1Pair,0x566c3a285374c576246d30b22e2aa0b7ce6292f1
0x65edba1f2705b20f01b4d1853d242fb7c8587b9edf1c28ca454024fdcf8432c3,FacetSwapV1Pair,0x2262412cb3d3ff06e5723d0d51671470be5016a3
0x75e8bdf896c4a5cfda1932ded792231686d59c831a5741f919f02b2864af1944,FacetSwapV1Pair,0x1d72b02a2464cbcf4bef430a1b1c0694a0716c6f
0x8a0a0e4554ff710bffc12788fec2c6aa196c8407d8534de18bca8f468cb2f829,FacetSwapV1Pair,0xfe7a3534fb7e0a329a9fe1b167e193ab74216b0b
0x9b9cf96634fd2dd50e9df159377a276ef552868ac31bc2d93270eb21f5e8dc1a,FacetSwapV1Pair,0x659eaa06f1f681899d0d2851f5c527acd562d5a7
0xae32d4785646a48672d31046da1ea9350a6d318e7259afa62762c708f9b8a6d9,FacetSwapV1Pair,0x3be0064b73afb07cd6d5ae515869ba5ed19bc812
0x62c360c3d15b4dc9aabcd06cd3b8299f818551a937917b988c05909fc1baea1a,FacetSwapV1Pair,0xd4e1e6aa910502c1a6b894ba80f2b2eec0d71691
0x5b02d96adb85bd0676680703a624bc2508508d51be95963075f5216d8420d510,FacetSwapV1Pair,0x975c814a5f803a1ff028f173dfa55102d098b04e
0xb7d00090ccadd80d7b5b9f5a8d6c3577957a5458c5267d83443439bd18c35181,FacetSwapV1Pair,0x66c38f48b78cf486578cb7402a5720b4f4fb7e14
0xcd53e6e9e28acf6957f6cdc9a6883576448fa7d891fb04fe3a1dad626b5f980e,FacetSwapV1Pair,0x67c9c45f72d395a289169e80b46bd52e5aac00a5
0xe6c87e8c6fce1c4b376d40373d0dfdb831fe9e7063d8a6dc781ba1224d202c3b,FacetSwapV1Pair,0x05a0ce216177afeffbb0c95e38631bdecd4d31a6
0x4716cd2e676998506aaf727da5b4e7aad2c54473f9e8b35f59477fc27f86d49a,FacetSwapV1Pair,0x83e1030b630fdc31562da4e3fdb4d8c55e81e1ee
0xf502c1af9d4c0d65a4824e8a3045acec46e742d857f5f29ccb7c2fc6f771f3fb,FacetSwapV1Pair,0xafbd12a318d2164b7b20f78a1b7a3ba8fe7b1f1b
0x1a25dc0001bf321c1ee50f7e4732cb221822c98234926d608f041e26f05c49e7,FacetSwapV1Pair,0x02cacbc290fe93dd3ba3aa11dfb4348fbf032f4a
0x021859371ae7ac0c58d664c7355c26040ea0c2ce1db4d2ec844d494848db4f46,FacetSwapV1Pair,0xf7d1969266c3d5ac63d1c3aeac44021a768933b0
0xe67d12b8a115e7526b03b3a1fcaefbd6f25248ed546bdf2d37834a28d24c7ad7,FacetSwapV1Pair,0x000bb8863847536faf4564f3e7a8f88a323c6caf
0xda0af0d0efe963cb1ea6c4e114fe46d1523cf66e2057f4b5d19eea01cb49591a,FacetSwapV1Pair,0x52804e0ef682bbf04d0237ba51232bba7f645f26
0xdc6fd503d163ed22f1d5b5df2009456a283358c55cd641c0cf2989ab8f6b3af1,FacetSwapV1Pair,0xf77f46a2c4984275ceb63496ac28cd95e51b6ad2
0x336550e63e2d3ab8cfafe9c3e38b0d082de4d48bf1100e1ad24e43ed18bca2a9,FacetSwapV1Pair,0x0709058cbd9b21e652cf0c05366e0a7d585d0f56
0x06a62b6bcf09ecc0f2cf6154dbfc1930b8a4cb648b4b3c90660de2998b6790a5,FacetSwapV1Pair,0x4c474cfc3b97929a16791bd47688abcb27e7c525
0x5aff1b3a4b93d94483d3994d934ab906d646dce062071c17b021528ce955ad01,FacetSwapV1Pair,0x681b47acd23a797d2555e245e646ef2f132e0d90
0x5ea75ae8f981645b7667e53c14eb9fe844b96ae5927c6059ab5eb0594ba67c30,FacetSwapV1Pair,0xcd7d996835361f79cb96069ff56c0aca2443c68b
0x14331054226931bade8640d4385ae7aa993bb91b93a4931e7ade620393621851,FacetSwapV1Pair,0xc22de73b02f7f057db3bdf13edf03dc13d94c9df
0x731012ddb82bad6718030a1babe488660673a28a8b97cc330731f64741cfd854,FacetSwapV1Pair,0x75d7c3b424fb6202db6ba6f3e4d95e87e7023990
0x99072220427bf10ca57de4cf9713b9ff2067a45859f3ae5debcfe9fb8ba5f88b,FacetSwapV1Pair,0xd408dda98f8210c4aa17067e3c9c7abf8a7ae7f6
0x5e887ae03c32760c284c5f6f627d38ec5b73995e4b815c480ab9d553b19cd521,FacetSwapV1Pair,0xd3928e927eb7f2bf338590db8088b4982776a398
0xa2ee498012d5f3a09420864297f824540effb2ceaa858093d91458b41c84faee,FacetSwapV1Pair,0xfffedc5f84c3b7f33861f32d1010780cf4f3208b
0x56c1577a820d9c615aac603ccbfa2fa9bf12cb3a1363182ac6e6a21ea6c58049,FacetSwapV1Pair,0x09b6aee13413197e02aca3ba0a2ef5747c619ed8
0xd88a50b622d1b498fe0ba819fd1c9b971b57247750e8922901d9be737498c9ed,FacetSwapV1Pair,0x5a782560f617658ee77d82e2304be4322ca5c151
0xba9165a6443ad5f67687d65fc63d8a1585c9446405b0e3665d7bd6a20770eb8b,FacetSwapV1Pair,0xbfbb7f0e83b17bb426a5da3b1751cd08271dcb58
0x6d4ac3825714ae5b3df46a35feb14c3d2d314056d0f7fa09e72e0b47ec8525ea,FacetSwapV1Pair,0x90d7c6b76ec0a082cf95d6b077f478b90a43763d
0x5aec3a6dbd5692fd4c16569a8969cfd0a870ad0372ead5b704a4f08bf2de912a,FacetSwapV1Pair,0x11b39c3837eec644a466d2d3ee432f2861e4c3ad
0x9acfdec01d069bcb7a7578188d566d5964371ba1e5d9169806336b192398a7d0,FacetSwapV1Pair,0x648032d6817b37b649d32997b5645a2a73580dc2
0x9db9c65d6cf12d35b9a289568bf884255ff3a2f62be22977b31f7581df20a640,FacetSwapV1Pair,0x3c8af598e054dabb1a994f4e6c21fae884157e66
0x6871f0c26f9457e4c8cac2e95e193a3d086aac662afff2b16fa81419e308a530,FacetSwapV1Pair,0xb63b038640995b2cd140f7a36dfccf32c8a968fa
0x4b9beaf94cc446873567ea5b32761ac2c3bad1876e956d04604509cd926e646b,FacetSwapV1Pair,0x4b444daa42240a9d68ffeb241183c4e44c4feda7
0xb0450c467dff97b99b48e2b1e49c73bc799ffd18bb3bc1c3a0caa3567f57ced3,FacetSwapV1Pair,0xca325ea8f3a21bd50606295bbbad8fd299d6a002
0x236ca9af0503e7e18fb1c33d12780cccd107bcb84a54782cbdfe10120cdc04fb,FacetSwapV1Pair,0x6a76abe18b45f3e373963ee547768186d52de053
0xea001fa029325433653c5eb0f5d1ab4fd7726918b175948dd1b1f0191a343748,FacetSwapV1Pair,0x2f590c721e84850a6df36f9cdafeadb6ee87c32c
0xd61af4136baa3bbd5d087fad40a50ccd4aa289094f62ffe80bfbb7714ecec55f,FacetSwapV1Pair,0x89a6bfce84d4f9a7bfb27ed8a7051c8bb73333f7
0xb76bedab2c6f3c87f9e4dbfbcf90fc406cf586bce406f4b1a9155b4bca9e4abe,FacetSwapV1Pair,0xa6a8be314687bfb1aa0b7f4b7e71d384b9e25469
0xe6c939c4541ca7428da14e8279266b4fea8406708b40179b35970077188bb9b7,FacetSwapV1Pair,0x72674972708035dc5e61b4e0b9e4b7c3981fd0b9
0xe7071596bcba0e7913452d455c77fa407fa382e69fb6d0b15f8358120889786e,FacetSwapV1Pair,0xae129c9e4dc133dac28c202a97d1da7b8877288e
0x881e7c51c6a9005f749c4099a704d5824b59db62aaa7fe107b3f717e5ced0987,FacetSwapV1Pair,0xbcc970a4b12f7047db8933c050ac2efb254ab404
0x32f5420d79a70404dcad9013d9db5dfe0bab50b0f323aa28c4fd3b54e2c625b6,FacetSwapV1Pair,0x7d0de9db960556db663996a54a89864c67a80980
0x9c96f426492b754b8f98e271616d95aa83ba6af2ab534f13b2ddaa1f832080c5,FacetSwapV1Pair,0xb2cee065b52b754c2e278a1c93bc12c01af45782
0xdfc08b320ef5a90647d8a0c9757e055908f04963eefeae0981cdf9d0e771369f,FacetSwapV1Pair,0x76a303d2c7fad7e36dadccf5dafae37460e6f565
0x15374a2807e952085f362c420e0fab838b94573349c341156fc317c48011dbef,FacetSwapV1Pair,0xddbcdfd930039c3f0c5197b0d09240ac2e041f4b
0x2a34a298c3a6d0f291e67ffd1260727b393e49666795dcc394c05556aa8a0362,FacetSwapV1Pair,0x5032381a55b52feccc7852f535b7f089a1d74e51
0xd1322f45477c7d54735d63523c5f59c08d7c89605932a163c7aa5686e4f726cd,FacetSwapV1Pair,0x421937c13d28328f36dc9ddd49115a6be9d777b8
0xc9d134b8efcab8d9f092999b03f8c19e7ebe2845ddb430d8d44a1f99ff96562f,FacetSwapV1Pair,0xbf7656f66638eb56a0b592c6b22ca9c6a4fabae6
0xa095686ae31ded46c76d941e6810937c63db76d81c61746c8d159c2cb38d0717,FacetSwapV1Pair,0xa444ecb5ef78fd1c41a22346c7923f923f2afae0
0x5c91a0ec6fea59ab40a817b168d2174665443c02673b83a16a90e94bd1397abf,FacetSwapV1Pair,0x796d3507359dc605befef2d46dfc4f88ecc26000
0x15610bb0e069681eedf22249fecd8db3c3da30dc733162f30b331a0f5f61e63e,FacetSwapV1Pair,0xf5694e27221418ff5236e35cfe3c5467db39e189
0xb23d50c7dd38e460dce318a8f719524e10d327e19206c589051f8441d3e9dd78,FacetSwapV1Pair,0x4f315ae9a24d440ab64329864121c759190b285b
0xdc1231e1052b8d17ce7b63f084cb2193a3c4e57fc68c34d86cef39a59c16f187,FacetSwapV1Pair,0xb3a27ceca82b5a824c3826eb19e0b8a623d42613
0x1c62888a5642ec75d4f7fa19a85dce43be1cf783d134e6de149dc9b10f2d86f7,FacetSwapV1Pair,0xd4c668d01a9c0d60b36f764fc105daa2983f763c
0xc578e1df5c996d139a669b79ccf26974052bcfd4e1ac56f20a6f3ae953f84471,FacetSwapV1Pair,0x4e589fec7918dbc932eb28a7938846e4b6e3e457
0x19dcac6eb44a5b2287df54cc98d9dcf5f614b7ca64ff6bd535222518e75976bd,FacetSwapV1Pair,0x4cf1933803690edcd9961407e53a8ae2b1de1350
0xabf502f86e06b2ef50cf5ab0889e018202ef08b59e10d30d881d3820af43e244,FacetSwapV1Pair,0x1fbd3e6f65f37b02971dc6eccfb8174d58cd0628
0x9c8aa3621478ef093a2e2f2c4052660d9863a974469e05b18fb1eec20375fef3,FacetSwapV1Pair,0x65d58089bf922811710bb8ca989d2f3003edc503
0xeea9161370f87210d05896be15a316d323be6dedf4637e79476a1f664fda8b18,FacetSwapV1Pair,0x16ecba0180556583474b692eba32da3603ff9dec
0x1c31aa46bbfac423661a036d31e16fac66dd473ec66981e53459b951a98b78d1,FacetSwapV1Pair,0x823ce04d1b83a5649cd812610b26d542c796037b
0xc3f9d7fd932deebe304156579544236f22f9206130f7e9dd88acb02fd0dad836,FacetSwapV1Pair,0x5f9004bd802c3b638c43281c5dfb8877def7dd02
0xbf0dcf11945105f49662dce91c07315d88a21ee4f895dfc8349768b8bdeb0dd2,FacetSwapV1Pair,0xf78a9ff0bd3a6ec1bc97528f367c07185403e287
0x0a00c28dddaf4136660f9205cadfb08d59763de5cdab6ea03233ce21604f5d98,FacetSwapV1Pair,0xb67a910ee28f4c8cfdd302da58ee9da7915c7f6c
0xec7764cce43168f0b564642c00eb4eea73bf6acb5a939b868e36214cce373c82,FacetSwapV1Pair,0x0700b880bc06052fd20e1229f78cae07e01d2804
0x53a16f228f01cf5dbcf54aeb1397e38bc9109a898ae49273be73b35c5b74a886,FacetSwapV1Pair,0x9ec11d9b43c3503718a9513ced4c88b887e189ee
0xe996bdeae98c52d9553f7dc1272bf314029522781a8c1966b620e85075e75bbf,FacetSwapV1Pair,0x58cb7ef3bf51e0021c62d16f4e31c90076077cfa
0x4f8f09819a2e81bb08ce2900c6e4286d7affeffe6924edbd65a74bb07e026be8,FacetSwapV1Pair,0x3b9e866c3eec5ee705427dec6278d71217208719
0xdce19522a9fd09f6f544e353af1ddfc09cab78ab381a70dbca924de94d1e2c7b,FacetSwapV1Pair,0x9ba61a3aa1a0201035614d83cbf74acb57313e36
0x9f4fb9af78931c834b254dff40a9a182b6da8897a6ebbff4943ad4cd522c2a63,FacetSwapV1Pair,0x823088365a5e1a765e9f2d4e381058726f1d5f58
0x936dc46182dc4ef9d2147257757b715e17e5e0d20c9c31fd36074cd05685dcd9,FacetSwapV1Pair,0x8bdb4e413b5104c3665568e1e3abe42597984fd9
0x6366edcfe999118e37d9efcf5a5231214daee08a874b4f1966433a7f245b9f44,FacetSwapV1Pair,0x84660a021a20d886c51154f7842685bca4a14214
0x69f87309f02f8ade2a062e16fd8d9fd4347341ec3fb5d2f1bef3ea0916886d2a,FacetSwapV1Pair,0x619a46aa6259dfea524bdc4c477955cbf245e3e5
0x357c6702a6ef3fef8725dc44897c138dc31a3ee35dd3edb5fbe5ff226e49aa61,FacetSwapV1Pair,0x6298c1215e5435e3891ce3a37ee26db74c01c4c6
0x0dcd62e4e17b053964f8a9e64eddfb94ee9cd18d697dd0e0cc2acd2c65b58737,FacetSwapV1Pair,0xca8441531ef2e08895c98997342523cad17edf86
0x8790d4a4b27775ef51f9d687129935a9096c704ab292eb6161c3357058e29c78,FacetSwapV1Pair,0xf908bfc847774279f37110f5919b94c4a20a4828
0xda5177b496c5cb0832f8d9b2ec144ec95471797a0d677ad70ba9a45acafc6880,FacetSwapV1Pair,0xac48f2565c0f78dfc3a3d979a20951c37c203e61
0x7fe26b77b132872e3dc52056ad570cb387d4c333aee1c835a3b2874384d3eeee,FacetSwapV1Pair,0x72d07e93b4c267e7b5b78c44cb727161fb3258f9
0x7fa5d873baa4addd0ca2030a538d67eec835d29c456b36d0a4ae5e7f899e0135,FacetSwapV1Pair,0x5d1d02849c5895028f63f980a12ca35d5c39c6dc
0x599d9b322060c5fbf842972596c9db563d76543fecfeb4cfa0b11e1323abc079,FacetSwapV1Pair,0xd1732c4464bfe9516472dfc5da664329b7e75008
0x5ac56b3a47dfa3fe895d1f444e0bedc6f14a64be29d902879412f3ce1965a360,FacetSwapV1Pair,0xcbc6783c85af5c68b989f7a8182f819c0052d1b7
0x94d912050af8bde098c1484ea225637ab4618445ec4843454f71791b7d81099b,FacetSwapV1Pair,0x96e45cf310ad9f728c48e6e3d694a51805140ac4
0x626611fa1832a4735e04c07927674cffa4d2740de7718cf7de32a9f62eb7c0c1,FacetSwapV1Pair,0x3d5b30bd19763c0b5f59f22817fa75e91f34fb74
0xcd6893ccf251d72812d83c080d17f769ff6721a862512b2e3c90cc4104356241,FacetSwapV1Pair,0x1913937d5d9038d0062162579eb7a480d217df1e
0x361b7f782044dfa46e556b8bb3d99408530abd3c3c48e177e5cfe9d5ca0880b0,FacetSwapV1Pair,0xabcfd8c438fb0a338fdc09ed733c4db78bbba54e
0x2225ca2b9f464b7bc789c0f997de6a558ef2b5588beafdcea240c1e9c028ff65,FacetSwapV1Pair,0x855f52ba99951445e6e47d8ef9a890c665fb1ca1
0xd52f94aae68bd24c685ccf4a786a7108a9727e1c5eaa823d46298085596e3a79,FacetSwapV1Pair,0xdb44b983f90600ec3cd34cb3a94e34bc38eca80a
0x524f0b6c8865b414c15a295d7126ae85efc73533d73aa5c21f9abbc332213491,FacetSwapV1Pair,0xf4cc3ccff3d9ccc94347aab9daa2e21683139245
0xce1f12283c841dead0eac0dd19fce4892d926c93580afbc43c5e899a2308842a,FacetSwapV1Pair,0xe491ae4c626ebf1d2804fcb4d6cb41fdf627c7ab
0xe5c68326a0650868bab6e739b4c713cc348bc289d30116fd63e6be596146317a,FacetSwapV1Pair,0x45cd65c37beac3953f3694ef49f70874ca7594e6
0xca32b38f2f91cea692845ff69e3ebf1edfccb1e4e28ec4ac2313d12919e3195f,FacetSwapV1Pair,0xeb30506536d49adf8e1d0f3b38f48b526267c662
0x26255c9649ce4742ddd87e1af4b8677ae14f291ef51c3db4640171edc7a92470,FacetSwapV1Pair,0x5c2af54bf76628cc76311b9d5f6ce52951aa2c17
0x3936c304475e71093e09197e3ce3efd009b457268b4b3cdc9999c5ce0a1d2a89,FacetSwapV1Pair,0xc28a73a315cfc3a280ecb29ec7b8580bf97511da
0x60f5fcb6398c100d20baf31e520457478d20944c5eed727d5370a2ccd3ac5d66,FacetSwapV1Pair,0x4f1b9f66316e890493ad7d91c22cc598016471a3
0x2af5ac6118e86643e2bdb0ade1ff8dc6cd77263fc9ee2ca2ebace31faddaa46b,FacetSwapV1Pair,0x637006f2d8aea25b7f33d5514124c785747a440c
0x486a07980f55624af9c3b1267b8395c962547d5057426ad67b73e4de3ba70177,FacetSwapV1Pair,0xd94ac714d73ef22a42a98df9a523c1610cd5b5b8
0x864793297b3d17c3bd703f9888c27e744e09cc430a5ea3f682c33497791c9cb8,FacetSwapV1Pair,0x3efbf2dac468d71abc87e3f68d38d66ab8f81ef4
0xaee374166c2c4a1a9b5dc7480d010be2936e356abe640996e0e6c229093ba1ea,FacetSwapV1Pair,0xe04c10010c4b557b2a9959a1694d02dfe1ae0572
0xf6f9f4d3423dffffc12788128a01919d0d1b4e00f4ad3b615c575c02ba143c63,FacetSwapV1Pair,0xdadce9dd876afac7be8ed0bfd90733594a16b834
0x550e3a3e8b4153f92782d821ebfee52bc6fd2e1782399e4c205764543a310987,FacetSwapV1Pair,0xc01cfd9b09b845ef1860825fc3b166f711fab3db
0xfcc1e3799e3483b2e67495b1dba4735652544839865b4a27c38c4f79886e6846,FacetSwapV1Pair,0xf5d9b804111a7127db739ddb60b6f1c5222bdf2e
0xf428c8f54e4a8631aab28bc8752cef5c7ccb60106d0982937f39ea1ad2261eef,FacetSwapV1Pair,0xfc3d20d9e9cb2070ccc33dfc1e1ebd86100ce7c6
0x52d21c43b9eda7369e49d9c94e4ce769c9838063801baae56022e1eb08cd959a,FacetSwapV1Pair,0x875d0eebed8d68eb919c719412e1803a81b6aea9
0x8a25a35f9316c235356302a154dc332f2953498cb46437fbb05b8bf895647a86,FacetSwapV1Pair,0x7490126bb6b77f355a114af89a18e6c826e59852
0x5dd3913c96b06df7df74c2283a88931f5bbe59ce134fad1f545942e35243575e,FacetSwapV1Pair,0x465a68a23edb82b3075d8621b04ac213c0c4e289
0xb7c3262b2d37948db1aaeb85f5bb7ca09ae4034bcad823560a85a9e52b7839a9,FacetSwapV1Pair,0x0994a3ced6e416e290da125901a7b649407830bc
0x1446ab3ccadc7eeaf9ca00c5aafda113373d0f39b901f1db282f63f0a33f2121,FacetSwapV1Pair,0xfdf08cf469ee95c0c17cd5df01551fd06a691b6a
0x6bb0b74a7f879b88d2ee0fad9878390acc2e58d0dcde16d81d6f3a0542a3bc15,FacetSwapV1Pair,0xddbd13e2e40387f7c971c416ec7c08622eadfeb6
0x64d613243d0e72eaff16cb72eb2c23d6669828c9f8a5868fe50bf157453383ff,FacetSwapV1Pair,0x8530f38cc4bc6b529b94b9c4981c8cda8747a856
0xbaf4dc0b787cee51f366cc22db586786ce815cd5ce8033ee8f7c3b17b3b64f2c,FacetSwapV1Pair,0xa17b1001e7379e0974dd9ce925a7dca63037e84c
0x6f24896b03bb6e5d8da169b4be310d9e33fcb672d5f4976595d8258783d2825a,FacetSwapV1Pair,0xae3be4fccece2ff0ebb5d868d1d433e19053a99d
0x85c4c07f06232891aad1955e17b569574b9e9f6119742391c9113e1394858346,FacetSwapV1Pair,0x5946a3fc888ca2e0a9621cc4f1d3deaea43c41a3
0x92fdc54e4fc55d7ae12a52b4144b6bb7f8e2f851638b595f4dbf7658f879bae5,FacetSwapV1Pair,0x064c0ccc3b04ca11d237137ed9b2be1f3607b26f
0x2f8279b30e6b61e860b5d82d264455ef98260a9c1936f275ef7764f3b0dbb4a5,FacetSwapV1Pair,0x0ee880af89c870c18ccbbeff7090f3efcbdf1bcb
0x009c227c851638b50345e6c9c3323d40c1ac39ee93dfada863477c1c40437b2a,FacetSwapV1Pair,0x79d33353c7526ad0c3ea82fe783e6b2cd38800f3
0xa22defd80db0799f71dfdb180d66b18a41fec1067fc514695d507717c183655e,FacetSwapV1Pair,0x9fed0c1271338b24f0ec1302d1974623d1b13c5d
0x08fd231b73680f88427a27d2b3eb3684709650f6fc78256c7d80b4a8aef4685d,FacetSwapV1Pair,0xd27624f0fcf2993ea80038b5d6448c45a28937bf
0x889f966d3b941ca5b779abb455b8e2f2cc8341b9711a1bd11e9c7b0b60f7f6d7,FacetSwapV1Pair,0xb56f3ed3e49e8577b8cc4a597d50ce835586a6ba
0xdbb2c072959fa0b883f04f3abb6915ae8e6517db0b9a1978e4998d9f54321283,PublicMintERC20,0xccee9f4733d059c51d578dc78ac5f50456fd630c
0x6ab7ac6fab2ceed26ef35f68063fe131748540a839f8f0163915b2f04067e1e4,PublicMintERC20,0xd777fd9e86f1a13edf9dfcf9eed8d01cfb538ec1
0x6c793812444850bc9da18c77893233e9b65f5fa5a279effb664bb68fcf92ab01,FacetSwapV1Pair,0x5c68dd21830b4c630a97f51a3eafd6e676000234
0x4f248c3d19f94d613f608d045e526d8faf22733a52e8f166b8aadb25da33ee58,PublicMintERC20,0xa4a94f89858ff103562aaaa4b4cd362f1c0b8dfd
0x690d2f2e5ba92bf6e11470e7f86841cf06331c0479841131457d57c77d4abf50,EthscriptionERC20Bridge,0xd633259f580af1fa7ae335d2f7a83746a57633c7
0x664764b5e57eb0af04c0c0e4b20464d72d1b643b150a1b2447cfb8a9ffd19fda,PublicMintERC20,0x0a4ebd2878d05ef3cad4ed993043e0d4209300af
0x7aae1325ed554859cb50c17cbe867c826ea409cfaa3e1c368632ad4bfd59227e,PublicMintERC20,0xc7e54b88101993375b3592deae1d077baca7388a
0xb5cfddcc2326d438d2873021bb0f6f758364c897e12e29e62f428df5a6969906,FacetSwapV1Pair,0x32b44fb0df22adf82196dedbf30771292a15c563
0x88d2b251b76eba3b682ab686a3a8795104221fbdcac79c358e499e789fa28d65,FacetSwapV1Pair,0xffb294dd8d1c469f845ecc7844765f53c778c6b4
0xd9c6e71469831cd168f535a25c03ee095044cdbed8ea8d673daf92e74b30f172,PublicMintERC20,0x45ac669124d7db0f447152829924b83c9dc67d28
0x4172d8f46788edd54082dcfb4bf1b1edabab5469d1cea429d53d6f0b98095c28,FacetSwapV1Pair,0x99bcc0e2425148503a435a857614393eb65cead5
0x981328920303d402ab37457b6f84631b9ab7be67e8165c2210320ec639755135,PublicMintERC20,0xf73ffed5105fb000cbdca9b3b871e9f25df71b55
0xcf99a54ebfa93bb3268bffb6600aeb8765ed53465a8178963390ed7a45f14fe8,FacetSwapV1Pair,0x70e78a01ac927a1c7eb765df00b21ee755bb1f27
0x09c70a4b75ad6e0b294c6d2922459e01bb0f243d47a81cb7d76936ef8ee597b7,FacetSwapV1Pair,0x440b93ee30cb9361db42d0065100d26323e2cff6
0x9b0eda47c6d981770c10e105ec884e17f56f916af5ec245b2f2932234e8ea64a,FacetSwapV1Pair,0x65e0749e6dfd58667960cf05ce7cf7ab6c83de1a
0x14b403b135a1ddcc855946f06a7a6abc41d8a24007dd9edf33c97dd149473ba4,FacetSwapV1Pair,0xaab8f3631ba6cb8438346b6d62f20703b797b5be
0xdaabd16f95351095abde83e7779039276754ddbe83ccec1b2059d00168272d96,PublicMintERC20,0x81bd29c14fd9bbf7c933bb27d2735ea7ff67554b
0xaeaf040702d7139390bc4df16cc9b56983820ec406ccaf4df807f7695a9046a3,PublicMintERC20,0xb642f9dca48f8d37344573dbab44ff5428d0a5c7
0xb409e7d572c8f24659be0ccfb9a9bd8eaba0c2cdde32b179b00397827fee7cb5,PublicMintERC20,0xd3e7c837d5359bde5c3a1113b58640a382b26915
0x3c7a9788960e6b0458b74f09b657fcca77cd2b99f1eb3b31b42d163620634a54,PublicMintERC20,0xbba30a9b39ae1297fc668cd5f7e5762db4e1a5cc
0xab8f00d25f05348a49d924d4d8422f411ef5b92bdcc8c84f7b885bb758f8b227,PublicMintERC20,0x5f9c41c921db18ff0d3578680615e1783e93cc1e
0x81e69905421d68fb8530e9e4c094c5d9bb1029771034b50cb732cfa16d451b94,PublicMintERC20,0x11c12e9b79237f2bb2d66f4cf87791a40e87a9fd
0xaef6c50fc8bfaada4177297a13e2c922f873a9f7b1d69a242a0f5dd3ee7e021f,PublicMintERC20,0x4a55759c89fa47e2decd31e35526584bb9f7261f
0x69588333e99365a0bccc7abbdf6e3a03b442c5f975694b7a518c9b6ba48b2ecd,PublicMintERC20,0x3446c52dcaabb071c1cb172db23d4f9d8554ceaa
0xa0e8aa6848778d88cd936b0adb5af7b3d416acfce8836129a97a8061dc7088ff,PublicMintERC20,0xf443277b4b1326c3dfdc53bd8b4862d296fda8a2
0x8316f411da3636027307a4f14d0d0e026f277f055fb0d2cf4a7d8c3930e925b8,PublicMintERC20,0x264efb5841d9625501d18dd0beead456bb8ce8f8
0xacb13d2465b407ea854ff5dc5ff84867a48ccf6e523b3c344e10b2dde028e8d1,PublicMintERC20,0xd8c4fe6872a8f9b641b7e6c6e6f0a1f9df16566a
0xdb66572579dbb68b70d6b08626a51451138297ed3a4b9ac466a093e18fdc62c9,PublicMintERC20,0xfeb0a0bb8392fa6ae061d7e9d0f1bdf3cb948a44
0x8b0fdb4d80dc59b2cbf4b0c56722247e18c7c2278016bfa3e84097aabd7de209,PublicMintERC20,0x5ca957e58c957d039921f9f308fce84a364f8472
0x68dcf5ab2b1a7c4b81b1fec962314146c381d60773eb623f054bc4c58c850f5f,PublicMintERC20,0xf45fcb9db56d3355866156061bcc2cfbe97efbdb
0x583e6dfae20b795619959a2c86b4aa38e175b70cea2ec234c1b0c32e76ccb4fc,FacetSwapV1Router,0xde11257ac24e96b8e39df45dbd4d3cf32237d63d
0xe105d8c5ee908f3ce506123b5b7408abf5cfb932f2db5ed5d0d489c41308fc4f,FacetSwapV1Pair,0xc2bbc11e352719d931618f49269f59e685f718d6
0x6b003d183dfb42abffbda40ac8039d3a33e82104a1c77e895a43a0f1cd7ed5ec,FacetSwapV1Pair,0x2324bb01b18f12d7c607154e9e577573a86ba39c
0xa6e16b2048e457e6b293ebe6725de0ffd51037ca88ac849aa08756e726c3e4ed,FacetSwapV1Pair,0x3efa9d13fecd69696da5548294aa437762713c36
0x20de36a637a0c39cab7bfc84c4829f28b90b4efd4694b58609c4f0d507e5e898,FacetSwapV1Pair,0x2ed83dd291ce7ae05f6c56eb7594d5ec348c0415
0x532e6ebceb301506795c308d75a7270cce2ba5beb8daaa888cdeb1601aa21f61,FacetSwapV1Pair,0x0c7a5a157555df6cc123488a15ba458e413d11a4
0x9473d09c76830cd6486324c163bdb9ef865b9be504d2f6107743c64fcac423d4,FacetSwapV1Pair,0x6163584c25b9dcfe7355fabc99442277566f34da
0x511e1c68401357901f8a8589cf02f6e3171562fd735cae75840d7071ee5fd239,FacetSwapV1Pair,0x03c0ba0617cf31abf688c817e3cb87aee2f58d5b
0xd17d5fffa8250836ea41767cfc7c1f169dac7d0549da22ccec7ec0fcdb35cd83,FacetSwapV1Pair,0x2516596c3aa99564be7b2aa86f37d3e93d51f6f5
0x404b12b28b299a3e0d5208fe7641e64bf00cbacf8c5a2769a10f3623dc2691aa,FacetSwapV1Pair,0x3f9f03142162239cc32c1c8d72b84cc43a9f0fe9
0x985b539734981adeb010974d986b7bfa54d82afc061c9290ee80bbfd0539232a,FacetSwapV1Pair,0xf617c41a2621f6967e1ee73550f944959ac6c138
0x06f3f529cb351c43e4cdf9bcbbf1938df7dacc0d2cc5a975c51e95f9ee69f7fb,FacetSwapV1Pair,0xd6b911925c6978b6b63ab8c40218f6b69e74b09a
0x5d2e76b452a755f9bf7654fd2aa63e073c63185b100282fce9153039398ea930,FacetSwapV1Pair,0x1626e3954322b91e7e3ea266b1e00a386688d746
0x8d3c001ebe4106f2c31dbddcafadbb8fc08dcdc22bf8316018bf14447c11b46e,FacetSwapV1Pair,0x8918d46ddcc402aee1827a3e28ad70521d0cab4e
0x409abe1de897cd53834c95b4cf295c8ad1b599eeb1ea7d10bbc4738f24f87e60,FacetSwapV1Pair,0x0fd032c0be3026b46fba66bc0826080599550d28
0xa99b7f20b1f407e61c601036e74418ca272740084c05efa195d4683e346498ab,FacetSwapV1Pair,0xfa52daa259217f8e2720f36e9dc9a6f642342b22
0x6b14c9d61f39046c3c30ccc3d66cd34b2d33f69babd63c4f9290fc3e994138aa,FacetSwapV1Pair,0x5b2c852d3a83b69dab9a78e66247afd11588f2de
0x2b4b09b645b1483718577d9a672200b212a83abcfdda25446a2856a39e65b91c,FacetSwapV1Pair,0xce687042713017d43eac13c89d4f7402a05f021a
0xd39c316c8feda1465292a3a5605a01f32c747353211b01384f362758fe6b1060,FacetSwapV1Pair,0xe483b170978c7ec5b362ee0ec2d2bcc0781eee59
0x1e912f61861c4b7b813c7c01064dc34cdc0cf75641d214b0d738c032567168ed,FacetSwapV1Pair,0x289a442abf7863ebf61388d2019ee5a5acf86bc1
0x427fc42bf50d0b56538007f3c6e399a8fdebd508e7163452dc25a52c21fa8284,FacetSwapV1Pair,0x66744388791a0aa792cb750e7892332e8e4a872c
0x351c807db2089ababdd9058bfccfe772cb6269c601a9a18f9d56847734790f2a,FacetSwapV1Pair,0xc9ed5a40c12e4398a7e1bcec3e5ba2c81cbc0e69
0x3b58187d5a84e1c92b8f577d7d9e44a726029f3915768abf789e753847be6442,FacetSwapV1Pair,0x816500c0a785590bc1a60c27a50c469e29a18176
0xbe5d0e176dcebe00ac8ad37a422668c7f1b97e4c95eebd116115b3ff0805298f,FacetSwapV1Pair,0x0029d877d3d6ddfff11651d3ada451049f3f6f2b
0x67fe22c71f4b7a4c50efdd8a9c3bb6f03599718536cf69b09c1e9f2c1c2ba204,FacetSwapV1Pair,0x1303e4a3eb58786eb0d017d093b17bfad1a616d4
0x76cdf4a753e87f023bbea4b3160208fcaad00b608dc7d6250910a0a75a5abd7d,FacetSwapV1Pair,0x09e6a8fb1517c54eb5f8171ad825821628062825
0x92872a214dee8815d310eb3511c0e67c515a9a460add7ec618e6c1b36c41d0ce,PublicMintERC20,0x911da6532f9355b7683421b50e7c68f29010e356
0x12fbce26f4aa47702189a9acb2bd782c898ba267e697eef13e8dc33facecc1c4,PublicMintERC20,0xfa4232d71873b7bbcf153d591b4bc2dbd9117ecd
0x4afce72b03766a2b9f79e1bae1a802850372b7d64817f91030bb5cffc91575bb,FacetSwapV1Pair,0x57b6a4e2827cf347ae76ab44bf4eb8bde1e31b32
0x88276db049ea3a03566291a32c8a41fe2f087ac4d5029c2c7cb734052e19bdfc,FacetSwapV1Pair,0x34139bcb8b00d52c10e12646b09e0c7edef433f8
0x9784c0f492b94d367a4aba5d391f7a429b9ae1bce8ab567fe8107e61e16b9f83,FacetSwapV1Pair,0xa6782a4bb20e9b87ed3eedc0baba835658ed5a19
0x66bda27f5d4bdff72358bbf9ad2a53ad5688b0c2717d28f8e7ffb27d18eee47f,FacetSwapV1Pair,0xd66794412732b59722bf4c5dad4120c98656131c
0x4badff27a3f15636f66a436fc651b76bb3063d54a627946e8460c8ca59072fad,FacetSwapV1Pair,0xdd70f51fc9a1a55ff4ecec35e96ccfb90a7e7d8c
0x1a7d077f05c4d7cb5c11272a2324b9472b1878e16bd7e4bc740b6873b09c827d,FacetSwapV1Pair,0xb670e6a63ed0332f01255dd27fb68c83a473ece9
0x7bfc39d40a00cddb726a316c2d67ad5f7ca789207bb68db8166703c51a9104fb,FacetSwapV1Pair,0xb35e86c7123f93039a947615ce2a3b0be462220b
0xf0a9a1023f746095d8e845a0115939ce441586911b800754eb63dcabebe41ed0,FacetSwapV1Pair,0xdfaa3efa74f683745a316e8528f591665a1bb34b
0xbfc0e16e4fcb527d5055412747c31067a08c5707f2ed3282ead3d4c0fe6524ed,FacetSwapV1Pair,0x987678df799ed71204cfd392c1064041d5e13d79
0xabeb6e92f99e4d44f001d0d10b4fe0650445983796c1aa229f121624aa36f579,FacetSwapV1Pair,0x61ee393802aa0acf99d77934e98522b7b525c9e5
0xb10b4a31236dcfd94763e681eadb52b746157d837667aa8e551a475165967144,FacetSwapV1Pair,0xf11eae69cd9631a9f5d651423387161f27eca6b2
0x0e189477b9c9f20714995f27632f3e68278c2e1f2b02998ef6c869835be3c896,FacetSwapV1Pair,0x6c81d0e0052fda23f17d4f860e88146f387ad5fe
0x9f26607356cccaafd1349a532f67d05adc28ae222adae991c711a10da9746b19,FacetSwapV1Pair,0xb0ad4b4a0bd8ebb5c99863a3974c1d5f0f594f36
0xc2776f161c96d7f581d819cc70f0ac80f78c51ac7f51a01960bcbe11e2ebb5ed,FacetSwapV1Pair,0xd58d3d19b1173b40633d7f15b601d4013e62bb5f
0x223173baae7c5c4dceeddd82353271ae83d65d2c9e764154f5c8a99f11841491,FacetSwapV1Pair,0x4b8c2ccbe3120d70f6d979848ede6d17dbb0b707
0xa68932e8bc026bc473d23a8915ed07987c3608dea932c593aae6206032e7faec,FacetSwapV1Pair,0x35148647cd6e1bf4ee046deec94f68b9badd9d32
0x70ee990f00c209bece4a84207b6cf80b01faf400246f5da92a3db9a007cdfd36,FacetSwapV1Pair,0x24471f1bf3ce907e5a9fc84c80123fe21b1ca0fd
0x47baac6b392a64ba81d6b696ccc1b26ebde91686f7f8c57eafe5aa887a898e25,FacetSwapV1Pair,0x06894e0e4cbcfbe273cba4ad432a80b8ac331c59
0x6c10b844506ffa935d291de60dc3b7c0985da9fc6f9460f8a140d66ea84cdd1c,FacetSwapV1Pair,0x44947f3f22859441cccdd4df04398ea08d2b2479
0xa2c388d5321f45ef67e8e5b8d9ca3af844f5148814d097320f6c1c524c534443,FacetSwapV1Pair,0xc8854cc9ff9d7b487c496503a23d9020c003c1b2
0x8027a976d72ea097ebd2910aff0c0f4271bcebda383cb5217ad63d59f1a2663a,FacetSwapV1Pair,0xe8f4f4fc29e7d0b78918ea0fef30fb55f59c6727
0x4d7bc6f28f4fb75e69201bd83683cb6199c3fc8f57d10ba63eea3f1d99c5c490,FacetSwapV1Pair,0x858a79c1d6654dd94d06baf50c66bcbc2dd314a1
0xc436324d0f62c4e652723c52c353c6af9cd91e20b39dff0be8a971d20a5b30be,FacetSwapV1Pair,0xc57042a34a11905be37e8772ed0448f13007b3cd
0xccb4682a66a956d9e0b0673524ac265105a5c3adde6441dd02e8bb3fc465b048,FacetSwapV1Pair,0x2b839880b279b6731d8e1a5352a412cdbf395fd4
0x0c9d4bcb82c625546921b19db85b8210605171977a45c7bd0102602945a5a8dd,FacetSwapV1Pair,0x6ade9518bae46e73c7322a9046b2b718fef9e2bb
0x7763478b69c3fce61fb2d6f4996885c84cd3f779c62ad0363559905dee435235,FacetSwapV1Pair,0x09469891f86ab3e2c036f2c5363311a75accb529
0x4ccee77d427b7ff8a744ac71064fb679061bebc93ecb6b3f7a4e940887a416be,FacetSwapV1Pair,0x7aa8b6b94cec9871760a445c3e5e00e6059d79f2
0x40d3a322b01b7323abbe174a360f1f6b93286acbd20c415d07fd8051f43fb8b2,FacetSwapV1Pair,0xcf4c2e7de44542ec49400dc6bf8a0f0204a109dc
0x2149a625d576baf2f5da00eac6cb2357245619d62f03c14be2f9ec1cd050adb7,FacetSwapV1Pair,0x7e9c54f5cd49cd297a8df6f394a1bc1997ec2012
0x29e18b7bddc330aa5c3e5fa369f69c092b684cde1eff80b0701eb641f8277a80,FacetSwapV1Pair,0x11c64ac94f1ed5ca8708ca3e7fb75ba83d8a8be8
0x8f8c77da5588b6da7ae7c4cd850527da51cd2c1bdc3141cd997a356fb052df31,FacetSwapV1Pair,0xff192d3e8ede00c45a05f94d5b73105fdff83e1f
0x7b4e53f303966c9a9f40808004175d7697c9b60a2d8fdc02a7b0009216aa73f2,FacetSwapV1Pair,0x52ba45de3e2b48a28cf84dc2887e2c17c39ce3e1
0x02f82e99a5668cc5d743f686e68b3a26c1dfa49fffa7503e337097e0a69e59c3,EtherBridge,0x361ecbe696d589bb3094825080e840cf3fef5b91
0xf11476e024805c81b6b517ca0d4569b047ce04f31cc8fa21b0c8bf2bc4df93ff,EthscriptionERC20Bridge,0x1a67f735dc5aa1c4bb577203b244b13a82e5efcd
0xcbea0d089c7466c4728853205901e3641f36e234f6f1085321c1bceb4dc1b03a,EthscriptionERC20Bridge,0x262e58d4b492beb44ca71086bdb333ce657bacff
0xa57735d9e636fe8d696c74da770b16434999bc841a06e74f32889e5534fbd14d,EthscriptionERC20Bridge,0x7e91485171c68177be3c4580e5a70e4b79305dc0
0x0e7703a9dc3b9db206f6348eea0a823f6e6a7450e134239c5c416c1649930979,PublicMintERC20,0x5b184e94d1ff521ef18d030d400776481cb2c5d0
0xc6dfc43b14a28bc68421e5a5742419b5cadc1824ff1f86be172dd466f35a0180,PublicMintERC20,0xff38ddd4aae162222c5db3041d96e8948b75bb74
0x35c6200ca84908288915aa6972bf6dd400668e052492672b88ce4f1ab8c39598,PublicMintERC20,0x3993e245d225a85a31cb66bf89cbc75a6f761169
0x8ea69b77ea5ee8c130c81aadd71cf46241a81bbffe3131dee998dcc71de7b4be,PublicMintERC20,0x7fbc531900872108cc210692bfcf02b25b054be5
0xaaa22a5f625fb6116aa2b019a4f5d3f711c161ea5b9f56462b085b62252ed17d,PublicMintERC20,0xa56b984a2e8bc1057dbf7ac69e5f614f1ad87363
0x0cc88830ab93dba2cc43389c57d54a6d67f60fecdacf39bb6cbd7012b5c768ea,PublicMintERC20,0x68de48d2415ee5b3a5d0e526e2235128b2b817c6
0xbd5eef23136b733ce3d37c5b827405bcc16762d660b7f5c00c60fdf82c9ee8bc,PublicMintERC20,0x7ba6fe01cbe0ec03d8003178636a58e2fdfb9645
0x5fdff14614f6fc45fb6241ff36310faf598027e793385ad0ae579c74336c13f5,PublicMintERC20,0x92569889ad18642d5b9eac02ad004ab20e391399
0x7bcafa775417566490f035e6c20d11fa8c65d726491e689d9e300afaeb3ed39a,PublicMintERC20,0x3751727bb1105201d13ac6d2dccb33410636d162
0xbd34e051b29a5504aacc6980dd5d34e137f7df0d5086496c6cea49eb6cebedfd,PublicMintERC20,0xf0ad4796f0132273b30d876918d4ff4a8b7e9f97
0x2cbdc3da064d555744d57a1548ec3e026984d2ab7e598a4632ca77d89d0e557c,PublicMintERC20,0xc1d64b118966b36f92e2686ed305ffb1fd5febec
0x75290eb7e24ca74c775e5eec4d624fbbde59eafca13b391a1279cc1d9b3aa2f3,PublicMintERC20,0x035bb55f05ae94499272068bf16e263ad1d3f654
0x7b1973006b6e916994e58c0819c085faec2e546d31489ed43cd8d54db5cdd189,PublicMintERC20,0xd21457246fa877f7a8305004796441c66353dfe0
0x59245b21f5a74db0d9ba4fae0cb157557635eb48d26e9bcdd08c53074f2476b7,FacetSwapV1Pair,0x673aec858910474513b6ef5ba0854033b8d29d65
0x1dc6a1d18e52593b12b1c3b43bd3dc835d92a811187b5bf9e0fbecea2ff296e8,PublicMintERC20,0x3c2d99d2e1a5d5afb107b7b3695be25c45b287f6
0x7ffdcc83b3e79a1b3dc165664d0b8107f7f124ff5a7354807202f0751d1ac81f,PublicMintERC20,0x67cf42b0ce95cbf93c6bda3103b040fe449de5fe
0xbe6d42961c415583badbdc2d7483358fb55b6fa7045cb4a482afa062bdc2d178,PublicMintERC20,0x992cd1427707dedcf8dbfad63063f1628e74d0fa
0x4cf49d716b7002311f4d4d46c985fd65c7b03224c604cbf389b0ee8af0fac91a,EthscriptionERC20Bridge,0x79a96d88cc5d77a66993754f42c5a905dc492b5b
0x2fe227bad4db8e41533ed355ef3e9751dae9f513342a3f6bc760e9aef9f838ab,EthscriptionERC20Bridge,0x43af70946640ff34f463d0f7c60d6f9c69a1ff01
0xb1d6ba8d2aa15c64a470ef9f3ff2cc480efdd57a5948ae9a03d114ab49d562d1,EthscriptionERC20Bridge,0x8de3915988036b39da89d95f00743bc591b41967
0x494d0552689ea6d9591660eb7467b74968f9983e404e2e9b63dcdc238592069d,EthscriptionERC20Bridge,0xefe648045699dc5b68db8f8ae8b21376ff395ef9
0xbe2a1cc536c601a7d10183a8605dafdd86b7d0aad2fa5deb8ff496a4966be0bd,FacetSwapV1Pair,0xd50ec4197833c3757463890a9a64ca83dd6a32b5
0x13188a9aea469c5dcf05f4dc282a059490bf2109a49673cafda834b14d4c3d6f,EthscriptionERC20Bridge,0x9a1fdd0f2b804baeaeceb30eb2bf7ed1677e3242
0x41f0e4df99f365d43e7c503b573f74c1d54cd220e9feefed71451c6b00e27ac7,EthscriptionERC20Bridge,0xc177cf13db1c2dc91e38866c6669e38172289de4
0x17b097a599cb2aefa61fe4d7f1f11b02129ca9425743bb9c25421ff2ad9ef4f6,EthscriptionERC20Bridge,0x203f6be8f2884c30af4ecd25bc84116cab6ec7ad
0x04feff450554f78b8a80d1bdfcac67984c0fbb8ec845d3e8ae91e6ac34077609,EthscriptionERC20Bridge,0xd4ebaf913b08acc37ad358cd76f17319f690599c
0xa9addcaea3475a7550f410e440b01908faa45395a22729f3d8c99967539da154,EthscriptionERC20Bridge,0xb0881f37336ebc8fae17c459f2bfbcfee0e23aeb
0x9d55771862417850451e8b80714191145febe42abe19ea453ff22f56c2594f20,EthscriptionERC20Bridge,0xf0693de10c9e8b3daec5dc69b642e0690287a3a6
0x7016693efe82e9a009ce6c445b196affe5f764b0d60589a100e6947173df5e3f,PublicMintERC20,0x58127c4a74ea3558a01afd9157297a20272b172c
0xcb9f1aa655f22ce9828cca5cbecaef047881db7ad627df5c621c76d6e1a450b9,PublicMintERC20,0x78c8bd55ef1fa3c2ab949fc502ed8aa0dc77c357
0x06af7b94251c236dc86fc368eb5ea421c1009225f01a53b39ab8da273f58c9cd,PublicMintERC20,0x0701bd1d9b3a0ecd71f10e4f9f88758c08f5e85b
0x64722e9668a04fe9f785a07d32078ba96a06e2d77bfbc4b56afa3bf121d2efb0,FacetSwapV1Pair,0xd6264ac93c94694b5f0e068e50ca3a96eb717f35
0x940992cd59bb99e59e75bd24974e3b6d72f9ffe8f6cf4b4fe5e1d736bd97ec98,PublicMintERC20,0x3a6347c04c7c73e4b4764c5aad159444fa260342
0xce15ca8b32183c0f2780a7ed0a7196d2622074461ec4026eeace6044e0422d96,PublicMintERC20,0xb416242503f3977d3e4109dbdf71301c4c1a5968
0x9156289b0d8f1e574734b63beed8f1fc0e593b7faa188dceb5fbe1c80c3a4880,PublicMintERC20,0x26080f35dd0adebd286ed5ea0353de58b5ee81d4
0xab25f3924eda565fc72937dc1c5abf099007cd8181f5a28be2e92cf81618837e,PublicMintERC20,0x78ed8bb937b01d775cda4082f88e0680634e36e1
0x108810fc4f3e6cb7ae04dc8e0cc1ebedb8d9155a76c84c66172a60e2e077285f,PublicMintERC20,0x067931883a2a6edc1ac3040df2be623118b0fb4c
0xef48a688a1b59a622b23cfa658682330ce51c0ef54329035fdbd5bd0c6874ff2,PublicMintERC20,0xb5ded7cc681690a986d097eda2a028c2052112a0
0x158115e2d99ce597477b1baaa892f7f3f6bbbee66b3c93be73aa42b4c3ef59ee,PublicMintERC20,0x76d1d1d72288cdf765cfcdd5901c2e39950c672f
0xec1573fd2f271ec46d9d295e968986c48c82ef0d44713a44b542be59ffdf5ec7,PublicMintERC20,0xe5669764743a7a97fca0375ac05fd6a2de6d106d
0x983467650f49be47822e8bb5aa608396c079f826107166326d9956f99cbb081c,PublicMintERC20,0xcf189113c8a378dc46ddb21fe78976522c45a232
0x2b71ba015355aab5f8beebf357c32cac52718965e71c47b53036e26659c2e12c,PublicMintERC20,0x50a0d7b18085bf7a34c5fb0045abeb7a2b122258
0x28d8cce768aabb73d6049dc90f4f715b0f293ee6d13b8d8ea696b73e0d155d50,PublicMintERC20,0x998844c7c9e123a4dea3676a2562db70a2532705
0x4800707949d89f9c29780ab3e1c41456e70ee64136003c04ea56542ea5696a79,PublicMintERC20,0xfed44c9c7e8965d00781080f651e4b8e908761f4
0x32065dfad1050daef2ad65988d80cc7896f3ae6c2de9adab51a36c614edc4f6f,PublicMintERC20,0x92bc8d5be9f85b99294fcba4834c148e130d33e6
0x29d14f109279558d570c70125db54ea830d4346874ebef2e543881206e0ce45c,PublicMintERC20,0x61e2bc8d94fee5c6aa65f81be46aa77a37fea66f
0x37cbec0df436aa95ec7b12fb066e84ca9ffb21c21b1bb55c6506f672d9a609f1,PublicMintERC20,0x2a4bce48dc1ec122046b848ed523d64257440788
0x53e92617ebc364d17daab40bc2954157c0c6230c38ceacf2db003d910ca6f828,PublicMintERC20,0xd047eac201e6e9b17124906b1ef72f0cfbe54422
0x46c7b5e48203a02419bd913721f1b3d84b9cb2e4834f5cb889694d9b65daf1a4,PublicMintERC20,0xe820064001cb2e5fe332d833fafbda6a4db63835
0xb1304edec00dca48cf1a412058372497722a1caeb17e4d4b5a354aa0731645eb,EthscriptionERC20Bridge,0x1e2c98756757ea21e1d50f7058096b5aaddc7062
0x08e60ba49f3f99e2f50a9b1d3224cb1100a6e2d6fa5df708427e359de250a25b,PublicMintERC20,0xaf6fad3df3dbf726f0a0165f90239ca28e0a5349
0x8110f2b93234902d0d4c9facd9ae58f1e5e34f5e5a47ddf33f38380fd8dd6b87,EthscriptionERC20Bridge,0xb0949fe0fbccee66b7bcb6aa3f4bb458fcf3654d
0xb6a7f686c7f5669cd2a906518104932cedddbde1439ce10150edbeca6a1325a1,FacetSwapV1Pair,0xadd72c747c5b173cb396fecdf49cbc80b935099b
0xe255c051e63e4ba904f0a680991dfa016360f9674f2fe4ffe5487cf725bf2f9f,FacetSwapV1Pair,0xcfafc2ef5659d7fd3023b8102a52c2d9953d619b
0x2c99360885bf191c0e5bc236d01c22f632d0c110127a2c63e089e16429dfafd4,FacetSwapV1Pair,0x38d1d4069e7541fcfa1653b7d3db2b5b9b5a2a34
0x9eead9c84be4cd8d946f376036c0619f43e817e342863e369b6005765f5ffbb8,PublicMintERC20,0xb8b001451b745ebddd08046d15b85b538f61caae
0x64af733a12327c4f4908d59a1088209d41e49db5fd2c098c8b9198a8dd1fc0ed,PublicMintERC20,0x5419b2dbdcd9e5e9c45cf3089d001d3fcb4d3cf9
0x7267749fe2074b0f47a2a31f49d95be2fae87c80dc452827ceb96ccbf2ff297f,FacetSwapV1Pair,0x5ce44dd09be674c0e5a00e610294da483e74aa10
0x64173c700938646d2aa5ef5f8e562738488c4114ef80acefc3fe463311016489,FacetSwapV1Pair,0x8e3e671cc6d78e62797ae616ef07efcdd04c144e
0xae115447729d30d493572efaacd4ecfa9c275590a28582033d8030897e1c3e00,FacetSwapV1Pair,0xc3aeb5eaba3a3b6604edb2b9c082380c5c5ecfc2
0x348151f9b9697950a168e16d81f28e3cd2d86aa5cdd6c4cdd325c56175b25058,PublicMintERC20,0xdc349f75f02eee0bfda58520d3c5bc1064b67da1
0xc7a4c81eaa434c9eeabd2d78ba7642f33d606cab3551778ef65abd6533449ee7,PublicMintERC20,0x2821c299c97d8b2bd800b4edd28319f6c34b1849
0xa82ed365ed79ca455f102304d280851c2ce4883f1a3618df92775d1516213a57,FacetSwapV1Pair,0x90c24279d6a2d8cbed1708bdbf30d49b26320768
0x6cff42e64d333da5713f483e6b200d79c2bf0b68b1d6b56bbc4778c3b0bf0f2f,PublicMintERC20,0x8115b5fa9d87cdfbd1da629427775e9ff27af6c6
0xefad339a1b1542a2401983e5a657995d62df1f5b4be1ac5b0e3d8690cc025088,PublicMintERC20,0xb9b5c20291293b0a136fb279cc3ed4c106cfff38
0x8de696bb61a00a7b10d0c922005bf90a8dab19bb6b92e364ee6b5ea946749779,PublicMintERC20,0xb7fd37620f863a3a72f5c3b899a2e234e011deef
0xef2db0671ef6312c13c9a787b2b96cbfdd34c2bd65549b2dc053db871b4701e5,PublicMintERC20,0xeb78b8e2901c360f21ca47f7541a150320e3fee5
0x7445c4dc22898d560f86046b35812a2568ea1c3483990de3d467fb6dab2b342a,PublicMintERC20,0x520ecbf962f6d4b76d9f9d1f52950464ac754d44
0x08a478c12aa849cef327eed40ccd489e4ce83299070d4e00e422031b534107c7,PublicMintERC20,0x382bd41f02c93121a05422fa35a514896459ee57
0xf0857683b36923a5ed73125ac46da1d63fb2bce58de79528a6b590f1d6146c4a,FacetSwapV1Pair,0x2af36defdf468103556023593db4be23e321c055
0xb07fcfc3b687460935a03dba6b5a723f653cc9ed7f7e9d3eb93f91d3acae480d,FacetSwapV1Pair,0x08a269b0cbeee401d61f5db049f3cfe7fb3b62dd
0x0acf9a205eaef702124dc62367ff33c8aa17cde5f28ff472e35d746767bf1806,FacetSwapV1Pair,0xf59ff17810e4258804ec6940612065684a21a0cc
0xd3f44b2ebdd798c7930328db2e750583d0819cdc99303adcf42868bfe704b065,FacetSwapV1Pair,0x9e157e59ca04ba22808eddb7d1552bc99c9b63b1
0x9af1d170a196f308f52351b7e2149f06d41fb3187a2022004959b3c575d7c092,PublicMintERC20,0xb324c3fccd5da0bad69d2709752044c6bd9adf1f
0x625043931bc3950b3ba9257a56d41db189fa1fb15987ba9d0db25ca42f1ac0a2,PublicMintERC20,0xcffc7fbd459d4c028163029d0db0fa26f44b0ed1
0x291ae948afddb6fc669157f6767139b95ee823c33c9e5c6f41db9b2b45772d4c,PublicMintERC20,0xc0189ae03d30b642c58e2e1b84d1e45fab47f5ed
0xe77912428c41d184e879e027fb1a3e763d86062b908e6e50461a7d78fd7c162b,PublicMintERC20,0xd139b92dd35b35eeee2aade812fb3c621d540df4
0x69a3a458acd6fc1e7d5e862a7a4c766772574ea845892d407cbce3aef807ea55,FacetSwapV1Router,0x82dd9ceed833f78d45dd54e2a3755e022b0bad70
0x107c383f1f32aff7cf72c16a26958ab5f503cf2aa2c857b10586a169fb9db28d,FacetSwapV1Factory,0x0e1e5810121d4e138df1d293b95cadcc1ccf3bc3
0xd7fb7945ba7f1804467b75cc51bb2cdacc6f202b14d419ca25b4b17fac69df7d,EthscriptionERC20Bridge,0x0e8a5203d363d777f62b3200e7c28c630cfc9770
0x5f73739f1e680f3a4d4960954e958a40600dfc1729d1272e297aa5a0544e4ae7,EtherBridge,0x5f5e099e59720e515114ae82b855fbcfb9bd07a9
